{"cameraMode":{"drawMode":0,"name":"Shaded","section":"Shading Mode"},"sceneLighting":true,"audioPlay":false,"sceneViewState":{"m_AlwaysRefresh":false,"showFog":true,"showSkybox":true,"showFlares":true,"showImageEffects":true,"showParticleSystems":true,"showVisualEffectGraphs":true,"m_FxEnabled":true},"in2DMode":false,"pivot":{"x":8.925376892089844,"y":48.85093688964844,"z":-1.0034667253494263},"rotation":{"x":0.012256166897714138,"y":0.9333471059799194,"z":0.03191645070910454,"w":-0.3573971390724182},"size":0.8660253882408142,"orthographic":false}