{"cameraMode":{"drawMode":0,"name":"Shaded","section":"Shading Mode"},"sceneLighting":true,"audioPlay":false,"sceneViewState":{"m_AlwaysRefresh":false,"showFog":true,"showSkybox":true,"showFlares":true,"showImageEffects":true,"showParticleSystems":true,"showVisualEffectGraphs":true,"m_FxEnabled":true},"in2DMode":false,"pivot":{"x":6.286715030670166,"y":-7.214624881744385,"z":70.69002532958985},"rotation":{"x":0.003566922852769494,"y":0.9764624834060669,"z":0.015797680243849756,"w":-0.21548031270503999},"size":0.8660253882408142,"orthographic":false}