{"cameraMode":{"drawMode":0,"name":"Shaded","section":"Shading Mode"},"sceneLighting":true,"audioPlay":false,"sceneViewState":{"m_AlwaysRefresh":false,"showFog":true,"showSkybox":true,"showFlares":true,"showImageEffects":true,"showParticleSystems":true,"showVisualEffectGraphs":true,"m_FxEnabled":true},"in2DMode":false,"pivot":{"x":-10.188148498535157,"y":0.6802495121955872,"z":-15.537983894348145},"rotation":{"x":0.026266735047101976,"y":0.7940822839736939,"z":0.03427808731794357,"w":-0.6064162254333496},"size":0.8660253882408142,"orthographic":false}