{"cameraMode":{"drawMode":0,"name":"Shaded","section":"Shading Mode"},"sceneLighting":false,"audioPlay":false,"sceneViewState":{"m_AlwaysRefresh":false,"showFog":true,"showSkybox":false,"showFlares":true,"showImageEffects":true,"showParticleSystems":true,"showVisualEffectGraphs":true,"m_FxEnabled":true},"in2DMode":false,"pivot":{"x":-31.08955955505371,"y":0.5539518594741821,"z":-45.18732452392578},"rotation":{"x":-0.0016301474533975125,"y":0.9570021629333496,"z":-0.29007667303085329,"w":-0.005460753571242094},"size":0.8660253882408142,"orthographic":false}