{"cameraMode":{"drawMode":0,"name":"Shaded","section":"Shading Mode"},"sceneLighting":false,"audioPlay":false,"sceneViewState":{"m_AlwaysRefresh":false,"showFog":true,"showSkybox":false,"showFlares":true,"showImageEffects":true,"showParticleSystems":true,"showVisualEffectGraphs":true,"m_FxEnabled":true},"in2DMode":false,"pivot":{"x":26.102428436279298,"y":64.85884857177735,"z":4.516711235046387},"rotation":{"x":-0.02553698420524597,"y":0.7592807412147522,"z":-0.029869580641388894,"w":-0.6495922207832336},"size":0.7071067690849304,"orthographic":false}